index,uuid_len,uuid,perm,val_max_len,val_cur_len,value
0,16,0x2800,0x01,16,16,0000180a00001000800000805f9b34fb
1,16,0x2803,0x01,1,1,02
2,128,00002a2500001000800000805f9b34fb,0x01,1,1,30
3,16,0x2901,0x11,1,1,30
4,16,0x2803,0x01,1,1,02
5,16,0xC301,0x01,512,512,3031323334353637383930313233343536373839303132333435363738393031323334353637383930313233343536373839303132333435363738393031323334353637383930313233343536373839303132333435363738393031323334353637383930313233343536373839303132333435363738393031323334353637383930313233343536373839303132333435363738393031323334353637383930313233343536373839303132333435363738393031323334353637383930313233343536373839303132333435363738393031323334353637383930313233343536373839303132333435363738393031323334353637383930313233343536373839303132333435363738393031323334353637383930313233343536373839303132333435363738393031323334353637383930313233343536373839303132333435363738393031323334353637383930313233343536373839303132333435363738393031323334353637383930313233343536373839303132333435363738393031323334353637383930313233343536373839303132333435363738393031323334353637383930313233343536373839303132333435363738393031323334353637383930313233343536373839303132333435363738393031323334353637383930313233343536373839303132333435363738393031
6,16,0x2901,0x11,512,512,3031323334353637383930313233343536373839303132333435363738393031323334353637383930313233343536373839303132333435363738393031323334353637383930313233343536373839303132333435363738393031323334353637383930313233343536373839303132333435363738393031323334353637383930313233343536373839303132333435363738393031323334353637383930313233343536373839303132333435363738393031323334353637383930313233343536373839303132333435363738393031323334353637383930313233343536373839303132333435363738393031323334353637383930313233343536373839303132333435363738393031323334353637383930313233343536373839303132333435363738393031323334353637383930313233343536373839303132333435363738393031323334353637383930313233343536373839303132333435363738393031323334353637383930313233343536373839303132333435363738393031323334353637383930313233343536373839303132333435363738393031323334353637383930313233343536373839303132333435363738393031323334353637383930313233343536373839303132333435363738393031323334353637383930313233343536373839303132333435363738393031
7,16,0x2803,0x01,1,1,08
8,16,0xC302,0x10,1,1,30
9,16,0x2901,0x01,1,1,01
10,16,0x2803,0x01,1,1,04
11,16,0xC303,0x10,1,1,30
12,16,0x2901,0x10,1,1,30
13,16,0x2803,0x01,1,1,08
14,16,0xC304,0x10,512,512,3031323334353637383930313233343536373839303132333435363738393031323334353637383930313233343536373839303132333435363738393031323334353637383930313233343536373839303132333435363738393031323334353637383930313233343536373839303132333435363738393031323334353637383930313233343536373839303132333435363738393031323334353637383930313233343536373839303132333435363738393031323334353637383930313233343536373839303132333435363738393031323334353637383930313233343536373839303132333435363738393031323334353637383930313233343536373839303132333435363738393031323334353637383930313233343536373839303132333435363738393031323334353637383930313233343536373839303132333435363738393031323334353637383930313233343536373839303132333435363738393031323334353637383930313233343536373839303132333435363738393031323334353637383930313233343536373839303132333435363738393031323334353637383930313233343536373839303132333435363738393031323334353637383930313233343536373839303132333435363738393031323334353637383930313233343536373839303132333435363738393031
15,16,0x2803,0x01,1,1,10
16,16,0xC305,0x01,,,
17,16,0x2902,0x11,2,2,0000
18,16,0x2803,0x01,1,1,20
19,16,0xC306,0x01,,,
20,16,0x2902,0x11,2,2,0000
21,16,0x2803,0x01,1,1,02
22,16,0xC307,0x01,1,1,30
23,16,0x2901,0x11,256,1,30
24,16,0x2800,0x01,2,2,A003
25,16,0x2803,0x01,1,1,02
26,16,0xC400,0x01,1,1,30
27,16,0x2901,0x11,1,1,30
28,16,0x2803,0x01,1,1,02
29,16,0xC401,0x01,1,1,30
30,16,0x2901,0x11,256,1,30
,,,,,,

